ratio_bin,count,mean,std,min,q25,median,q75,max
0~0.5,75,-9.964370721340117,6.915841132957224,-37.97619047619048,-13.546469537024342,-7.949790794979079,-4.846651953685728,-0.528740841453282
0.5~1.0,103,-10.71879314169959,6.3720886142421165,-35.41326363933355,-14.313241353998098,-9.917355371900827,-6.089553973251072,-0.9910297040339476
1.0~1.5,71,-8.223393336215679,5.838271643542771,-35.43307086614173,-10.138990289991359,-6.5,-4.223096723096723,-0.7345404851383669
1.5~2.0,68,-11.02405826633746,15.208342319131239,-76.46433404214189,-12.732060863832343,-7.059481641603318,-2.3664099476656357,-1.195814648729447
2.0+,121,-14.905971780901986,13.983968810573357,-77.97066854735168,-21.45526657005568,-13.183279742765272,-3.749008947785706,-0.9145096758389808
