ratio_bin,count,mean,std,min,q25,median,q75,max
0~0.5,181,-10.373485371707487,5.592462602163782,-24.29805615550756,-15.369649805447471,-10.112359550561797,-5.813953488372093,-1.000256476019492
0.5~1.0,155,-9.934651358231251,6.342094834560697,-28.89733840304182,-14.5524943370384,-8.5529854760624,-4.6375255761361185,-0.9910297040339476
1.0~1.5,131,-10.901428690382012,8.636211102704129,-35.41326363933355,-15.088566298826414,-9.108159392789371,-3.5240040858018387,-1.195814648729447
1.5~2.0,49,-8.393712721787683,7.124528980123807,-25.996376811594203,-12.569499602859413,-6.13012410680707,-3.0100334448160537,-0.2406738868832731
2.0+,205,-16.389760142818474,17.778931342027363,-77.97066854735168,-20.00589709568038,-11.657147553108436,-3.756476683937824,-0.528740841453282
